Tag,AvgWaterDepth
121,14.375
126,116
162,0
166,9
167,12.65
170,4.5
176,1
178,7
185,3.325
190,0.4
195,1
236,19
238,15
433,10
453,0
456,0
465,7.666666667
466,28
469,0
471,7
477,0
481,25
483,3.333333333
498,0
513,4
530,7.5
532,15
575,0
582,22.83333333
583,32
584,7.5
585,18.915
595,0
596,9
597,14